"cod_regsaude",".index",".value",".model_id",".model_desc",".key","tipo",".conf_lo",".conf_hi"
51015,2001-07-01,85,0,"Dados Históricos","actual","histórico",NA,NA
51015,2023-10-01,148,0,"Dados Históricos","actual","histórico",NA,NA
51015,2000-03-01,160,0,"Dados Históricos","actual","histórico",NA,NA
51015,2003-11-01,132,0,"Dados Históricos","actual","histórico",NA,NA
51015,2017-08-01,129,0,"Dados Históricos","actual","histórico",NA,NA
51015,2000-07-01,152,0,"Dados Históricos","actual","histórico",NA,NA
51015,2010-10-01,99,0,"Dados Históricos","actual","histórico",NA,NA
51015,2011-11-01,109,0,"Dados Históricos","actual","histórico",NA,NA
51015,2005-04-01,139,0,"Dados Históricos","actual","histórico",NA,NA
51015,2017-10-01,142,0,"Dados Históricos","actual","histórico",NA,NA
51015,2023-06-01,155,0,"Dados Históricos","actual","histórico",NA,NA
51015,2006-02-01,122,0,"Dados Históricos","actual","histórico",NA,NA
51015,2015-02-01,108,0,"Dados Históricos","actual","histórico",NA,NA
51015,2014-01-01,125,0,"Dados Históricos","actual","histórico",NA,NA
51015,2008-05-01,132,0,"Dados Históricos","actual","histórico",NA,NA
51015,2012-03-01,114,0,"Dados Históricos","actual","histórico",NA,NA
51015,2019-07-01,161,0,"Dados Históricos","actual","histórico",NA,NA
51015,2013-03-01,119,0,"Dados Históricos","actual","histórico",NA,NA
51015,2013-11-01,136,0,"Dados Históricos","actual","histórico",NA,NA
51015,2007-08-01,113,0,"Dados Históricos","actual","histórico",NA,NA
51015,2004-08-01,156,0,"Dados Históricos","actual","histórico",NA,NA
51015,2010-09-01,105,0,"Dados Históricos","actual","histórico",NA,NA
51015,2021-02-01,143,0,"Dados Históricos","actual","histórico",NA,NA
51015,2001-03-01,100,0,"Dados Históricos","actual","histórico",NA,NA
51015,2005-07-01,155,0,"Dados Históricos","actual","histórico",NA,NA
51015,2008-03-01,116,0,"Dados Históricos","actual","histórico",NA,NA
51015,2023-02-01,154,0,"Dados Históricos","actual","histórico",NA,NA
51015,2008-04-01,131,0,"Dados Históricos","actual","histórico",NA,NA
51015,2008-11-01,117,0,"Dados Históricos","actual","histórico",NA,NA
51015,2009-05-01,111,0,"Dados Históricos","actual","histórico",NA,NA
51015,2021-11-01,177,0,"Dados Históricos","actual","histórico",NA,NA
51015,2017-04-01,171,0,"Dados Históricos","actual","histórico",NA,NA
51015,2020-07-01,155,0,"Dados Históricos","actual","histórico",NA,NA
51015,2015-07-01,137,0,"Dados Históricos","actual","histórico",NA,NA
51015,2003-05-01,158,0,"Dados Históricos","actual","histórico",NA,NA
51015,2001-01-01,112,0,"Dados Históricos","actual","histórico",NA,NA
51015,2000-09-01,142,0,"Dados Históricos","actual","histórico",NA,NA
51015,2021-04-01,159,0,"Dados Históricos","actual","histórico",NA,NA
51015,2018-10-01,168,0,"Dados Históricos","actual","histórico",NA,NA
51015,2018-07-01,168,0,"Dados Históricos","actual","histórico",NA,NA
51015,2005-05-01,152,0,"Dados Históricos","actual","histórico",NA,NA
51015,2005-01-01,140,0,"Dados Históricos","actual","histórico",NA,NA
51015,2006-05-01,147,0,"Dados Históricos","actual","histórico",NA,NA
51015,2021-10-01,166,0,"Dados Históricos","actual","histórico",NA,NA
51015,2002-05-01,141,0,"Dados Históricos","actual","histórico",NA,NA
51015,2020-02-01,135,0,"Dados Históricos","actual","histórico",NA,NA
51015,2015-11-01,108,0,"Dados Históricos","actual","histórico",NA,NA
51015,2016-11-01,118,0,"Dados Históricos","actual","histórico",NA,NA
51015,2009-01-01,125,0,"Dados Históricos","actual","histórico",NA,NA
51015,2020-11-01,116,0,"Dados Históricos","actual","histórico",NA,NA
51015,2016-04-01,132,0,"Dados Históricos","actual","histórico",NA,NA
51015,2010-08-01,103,0,"Dados Históricos","actual","histórico",NA,NA
51015,2003-04-01,161,0,"Dados Históricos","actual","histórico",NA,NA
51015,2015-04-01,128,0,"Dados Históricos","actual","histórico",NA,NA
51015,2009-03-01,112,0,"Dados Históricos","actual","histórico",NA,NA
51015,2002-11-01,113,0,"Dados Históricos","actual","histórico",NA,NA
51015,2003-07-01,138,0,"Dados Históricos","actual","histórico",NA,NA
51015,2000-05-01,166,0,"Dados Históricos","actual","histórico",NA,NA
51015,2012-06-01,97,0,"Dados Históricos","actual","histórico",NA,NA
51015,2013-06-01,150,0,"Dados Históricos","actual","histórico",NA,NA
51015,2010-12-01,107,0,"Dados Históricos","actual","histórico",NA,NA
51015,2014-08-01,151,0,"Dados Históricos","actual","histórico",NA,NA
51015,2017-01-01,141,0,"Dados Históricos","actual","histórico",NA,NA
51015,2018-05-01,143,0,"Dados Históricos","actual","histórico",NA,NA
51015,2019-04-01,174,0,"Dados Históricos","actual","histórico",NA,NA
51015,2001-12-01,138,0,"Dados Históricos","actual","histórico",NA,NA
51015,2004-04-01,149,0,"Dados Históricos","actual","histórico",NA,NA
51015,2011-09-01,101,0,"Dados Históricos","actual","histórico",NA,NA
51015,2000-08-01,147,0,"Dados Históricos","actual","histórico",NA,NA
51015,2020-03-01,166,0,"Dados Históricos","actual","histórico",NA,NA
51015,2002-06-01,124,0,"Dados Históricos","actual","histórico",NA,NA
51015,2010-05-01,127,0,"Dados Históricos","actual","histórico",NA,NA
51015,2011-02-01,104,0,"Dados Históricos","actual","histórico",NA,NA
51015,2001-09-01,122,0,"Dados Históricos","actual","histórico",NA,NA
51015,2018-04-01,171,0,"Dados Históricos","actual","histórico",NA,NA
51015,2011-10-01,123,0,"Dados Históricos","actual","histórico",NA,NA
51015,2012-08-01,108,0,"Dados Históricos","actual","histórico",NA,NA
51015,2021-03-01,178,0,"Dados Históricos","actual","histórico",NA,NA
51015,2009-09-01,136,0,"Dados Históricos","actual","histórico",NA,NA
51015,2013-07-01,132,0,"Dados Históricos","actual","histórico",NA,NA
51015,2017-05-01,171,0,"Dados Históricos","actual","histórico",NA,NA
51015,2012-04-01,100,0,"Dados Históricos","actual","histórico",NA,NA
51015,2017-06-01,149,0,"Dados Históricos","actual","histórico",NA,NA
51015,2012-11-01,104,0,"Dados Históricos","actual","histórico",NA,NA
51015,2000-04-01,146,0,"Dados Históricos","actual","histórico",NA,NA
51015,2008-07-01,133,0,"Dados Históricos","actual","histórico",NA,NA
51015,2002-10-01,140,0,"Dados Históricos","actual","histórico",NA,NA
51015,2006-03-01,131,0,"Dados Históricos","actual","histórico",NA,NA
51015,2010-07-01,84,0,"Dados Históricos","actual","histórico",NA,NA
51015,2017-02-01,129,0,"Dados Históricos","actual","histórico",NA,NA
51015,2022-07-01,162,0,"Dados Históricos","actual","histórico",NA,NA
51015,2020-04-01,135,0,"Dados Históricos","actual","histórico",NA,NA
51015,2002-03-01,134,0,"Dados Históricos","actual","histórico",NA,NA
51015,2014-11-01,148,0,"Dados Históricos","actual","histórico",NA,NA
51015,2018-11-01,142,0,"Dados Históricos","actual","histórico",NA,NA
51015,2003-03-01,145,0,"Dados Históricos","actual","histórico",NA,NA
51015,2008-09-01,145,0,"Dados Históricos","actual","histórico",NA,NA
51015,2005-06-01,149,0,"Dados Históricos","actual","histórico",NA,NA
51015,2020-06-01,146,0,"Dados Históricos","actual","histórico",NA,NA
51015,2007-01-01,127,0,"Dados Históricos","actual","histórico",NA,NA
51015,2005-03-01,141,0,"Dados Históricos","actual","histórico",NA,NA
51015,2009-10-01,93,0,"Dados Históricos","actual","histórico",NA,NA
51015,2006-12-01,120,0,"Dados Históricos","actual","histórico",NA,NA
51015,2023-01-01,198,0,"Dados Históricos","actual","histórico",NA,NA
51015,2004-10-01,130,0,"Dados Históricos","actual","histórico",NA,NA
51015,2011-06-01,115,0,"Dados Históricos","actual","histórico",NA,NA
51015,2007-02-01,126,0,"Dados Históricos","actual","histórico",NA,NA
51015,2009-02-01,110,0,"Dados Históricos","actual","histórico",NA,NA
51015,2013-04-01,117,0,"Dados Históricos","actual","histórico",NA,NA
51015,2006-04-01,143,0,"Dados Históricos","actual","histórico",NA,NA
51015,2012-10-01,133,0,"Dados Históricos","actual","histórico",NA,NA
51015,2001-05-01,160,0,"Dados Históricos","actual","histórico",NA,NA
51015,2010-04-01,113,0,"Dados Históricos","actual","histórico",NA,NA
51015,2006-06-01,106,0,"Dados Históricos","actual","histórico",NA,NA
51015,2022-12-01,158,0,"Dados Históricos","actual","histórico",NA,NA
51015,2022-03-01,176,0,"Dados Históricos","actual","histórico",NA,NA
51015,2020-08-01,160,0,"Dados Históricos","actual","histórico",NA,NA
51015,2002-12-01,145,0,"Dados Históricos","actual","histórico",NA,NA
51015,2008-02-01,96,0,"Dados Históricos","actual","histórico",NA,NA
51015,2016-08-01,156,0,"Dados Históricos","actual","histórico",NA,NA
51015,2014-03-01,119,0,"Dados Históricos","actual","histórico",NA,NA
51015,2011-05-01,142,0,"Dados Históricos","actual","histórico",NA,NA
51015,2004-12-01,110,0,"Dados Históricos","actual","histórico",NA,NA
51015,2015-08-01,131,0,"Dados Históricos","actual","histórico",NA,NA
51015,2006-11-01,132,0,"Dados Históricos","actual","histórico",NA,NA
51015,2021-09-01,145,0,"Dados Históricos","actual","histórico",NA,NA
51015,2019-02-01,140,0,"Dados Históricos","actual","histórico",NA,NA
51015,2009-07-01,119,0,"Dados Históricos","actual","histórico",NA,NA
51015,2018-06-01,153,0,"Dados Históricos","actual","histórico",NA,NA
51015,2006-10-01,127,0,"Dados Históricos","actual","histórico",NA,NA
51015,2004-01-01,127,0,"Dados Históricos","actual","histórico",NA,NA
51015,2009-06-01,119,0,"Dados Históricos","actual","histórico",NA,NA
51015,2017-11-01,129,0,"Dados Históricos","actual","histórico",NA,NA
51015,2019-11-01,136,0,"Dados Históricos","actual","histórico",NA,NA
51015,2021-12-01,179,0,"Dados Históricos","actual","histórico",NA,NA
51015,2008-08-01,131,0,"Dados Históricos","actual","histórico",NA,NA
51015,2023-09-01,157,0,"Dados Históricos","actual","histórico",NA,NA
51015,2016-01-01,132,0,"Dados Históricos","actual","histórico",NA,NA
51015,2013-02-01,99,0,"Dados Históricos","actual","histórico",NA,NA
51015,2003-06-01,143,0,"Dados Históricos","actual","histórico",NA,NA
51015,2011-03-01,106,0,"Dados Históricos","actual","histórico",NA,NA
51015,2018-12-01,138,0,"Dados Históricos","actual","histórico",NA,NA
51015,2016-06-01,149,0,"Dados Históricos","actual","histórico",NA,NA
51015,2020-01-01,149,0,"Dados Históricos","actual","histórico",NA,NA
51015,2005-12-01,138,0,"Dados Históricos","actual","histórico",NA,NA
51015,2023-11-01,156,0,"Dados Históricos","actual","histórico",NA,NA
51015,2019-06-01,146,0,"Dados Históricos","actual","histórico",NA,NA
51015,2020-09-01,133,0,"Dados Históricos","actual","histórico",NA,NA
51015,2015-12-01,173,0,"Dados Históricos","actual","histórico",NA,NA
51015,2016-12-01,134,0,"Dados Históricos","actual","histórico",NA,NA
51015,2005-11-01,125,0,"Dados Históricos","actual","histórico",NA,NA
51015,2007-04-01,117,0,"Dados Históricos","actual","histórico",NA,NA
51015,2001-02-01,98,0,"Dados Históricos","actual","histórico",NA,NA
51015,2007-05-01,136,0,"Dados Históricos","actual","histórico",NA,NA
51015,2021-06-01,129,0,"Dados Históricos","actual","histórico",NA,NA
51015,2014-12-01,140,0,"Dados Históricos","actual","histórico",NA,NA
51015,2018-08-01,152,0,"Dados Históricos","actual","histórico",NA,NA
51015,2019-05-01,174,0,"Dados Históricos","actual","histórico",NA,NA
51015,2013-12-01,129,0,"Dados Históricos","actual","histórico",NA,NA
51015,2002-04-01,158,0,"Dados Históricos","actual","histórico",NA,NA
51015,2016-03-01,128,0,"Dados Históricos","actual","histórico",NA,NA
51015,2007-11-01,122,0,"Dados Históricos","actual","histórico",NA,NA
51015,2022-05-01,169,0,"Dados Históricos","actual","histórico",NA,NA
51015,2000-01-01,151,0,"Dados Históricos","actual","histórico",NA,NA
51015,2013-08-01,127,0,"Dados Históricos","actual","histórico",NA,NA
51015,2022-06-01,153,0,"Dados Históricos","actual","histórico",NA,NA
51015,2012-02-01,113,0,"Dados Históricos","actual","histórico",NA,NA
51015,2001-10-01,140,0,"Dados Históricos","actual","histórico",NA,NA
51015,2000-12-01,119,0,"Dados Históricos","actual","histórico",NA,NA
51015,2003-08-01,145,0,"Dados Históricos","actual","histórico",NA,NA
51015,2007-07-01,121,0,"Dados Históricos","actual","histórico",NA,NA
51015,2010-01-01,92,0,"Dados Históricos","actual","histórico",NA,NA
51015,2020-12-01,147,0,"Dados Históricos","actual","histórico",NA,NA
51015,2013-09-01,112,0,"Dados Históricos","actual","histórico",NA,NA
51015,2018-09-01,153,0,"Dados Históricos","actual","histórico",NA,NA
51015,2012-07-01,128,0,"Dados Históricos","actual","histórico",NA,NA
51015,2022-11-01,154,0,"Dados Históricos","actual","histórico",NA,NA
51015,2003-12-01,134,0,"Dados Históricos","actual","histórico",NA,NA
51015,2013-01-01,118,0,"Dados Históricos","actual","histórico",NA,NA
51015,2009-04-01,125,0,"Dados Históricos","actual","histórico",NA,NA
51015,2005-09-01,122,0,"Dados Históricos","actual","histórico",NA,NA
51015,2002-08-01,136,0,"Dados Históricos","actual","histórico",NA,NA
51015,2011-08-01,124,0,"Dados Históricos","actual","histórico",NA,NA
51015,2022-09-01,122,0,"Dados Históricos","actual","histórico",NA,NA
51015,2004-09-01,121,0,"Dados Históricos","actual","histórico",NA,NA
51015,2011-07-01,107,0,"Dados Históricos","actual","histórico",NA,NA
51015,2013-10-01,130,0,"Dados Históricos","actual","histórico",NA,NA
51015,2011-01-01,96,0,"Dados Históricos","actual","histórico",NA,NA
51015,2023-05-01,154,0,"Dados Históricos","actual","histórico",NA,NA
51015,2013-05-01,164,0,"Dados Históricos","actual","histórico",NA,NA
51015,2004-05-01,169,0,"Dados Históricos","actual","histórico",NA,NA
51015,2007-06-01,122,0,"Dados Históricos","actual","histórico",NA,NA
51015,2009-08-01,103,0,"Dados Históricos","actual","histórico",NA,NA
51015,2001-11-01,132,0,"Dados Históricos","actual","histórico",NA,NA
51015,2012-05-01,96,0,"Dados Históricos","actual","histórico",NA,NA
51015,2000-11-01,132,0,"Dados Históricos","actual","histórico",NA,NA
51015,2014-04-01,123,0,"Dados Históricos","actual","histórico",NA,NA
51015,2012-09-01,93,0,"Dados Históricos","actual","histórico",NA,NA
51015,2007-03-01,148,0,"Dados Históricos","actual","histórico",NA,NA
51015,2019-01-01,144,0,"Dados Históricos","actual","histórico",NA,NA
51015,2016-07-01,140,0,"Dados Históricos","actual","histórico",NA,NA
51015,2023-12-01,139,0,"Dados Históricos","actual","histórico",NA,NA
51015,2004-03-01,143,0,"Dados Históricos","actual","histórico",NA,NA
51015,2003-01-01,118,0,"Dados Históricos","actual","histórico",NA,NA
51015,2016-10-01,132,0,"Dados Históricos","actual","histórico",NA,NA
51015,2023-03-01,182,0,"Dados Históricos","actual","histórico",NA,NA
51015,2000-10-01,163,0,"Dados Históricos","actual","histórico",NA,NA
51015,2000-02-01,155,0,"Dados Históricos","actual","histórico",NA,NA
51015,2015-09-01,122,0,"Dados Históricos","actual","histórico",NA,NA
51015,2015-03-01,153,0,"Dados Históricos","actual","histórico",NA,NA
51015,2014-02-01,136,0,"Dados Históricos","actual","histórico",NA,NA
51015,2021-05-01,166,0,"Dados Históricos","actual","histórico",NA,NA
51015,2001-08-01,92,0,"Dados Históricos","actual","histórico",NA,NA
51015,2014-09-01,170,0,"Dados Históricos","actual","histórico",NA,NA
51015,2006-07-01,122,0,"Dados Históricos","actual","histórico",NA,NA
51015,2022-02-01,132,0,"Dados Históricos","actual","histórico",NA,NA
51015,2020-10-01,145,0,"Dados Históricos","actual","histórico",NA,NA
51015,2012-01-01,106,0,"Dados Históricos","actual","histórico",NA,NA
51015,2007-09-01,142,0,"Dados Históricos","actual","histórico",NA,NA
51015,2019-08-01,147,0,"Dados Históricos","actual","histórico",NA,NA
51015,2006-01-01,154,0,"Dados Históricos","actual","histórico",NA,NA
51015,2008-10-01,123,0,"Dados Históricos","actual","histórico",NA,NA
51015,2002-07-01,159,0,"Dados Históricos","actual","histórico",NA,NA
51015,2001-06-01,133,0,"Dados Históricos","actual","histórico",NA,NA
51015,2018-02-01,134,0,"Dados Históricos","actual","histórico",NA,NA
51015,2020-05-01,157,0,"Dados Históricos","actual","histórico",NA,NA
51015,2004-11-01,125,0,"Dados Históricos","actual","histórico",NA,NA
51015,2010-11-01,107,0,"Dados Históricos","actual","histórico",NA,NA
51015,2015-10-01,89,0,"Dados Históricos","actual","histórico",NA,NA
51015,2014-07-01,141,0,"Dados Históricos","actual","histórico",NA,NA
51015,2008-06-01,101,0,"Dados Históricos","actual","histórico",NA,NA
51015,2021-07-01,145,0,"Dados Históricos","actual","histórico",NA,NA
51015,2012-12-01,134,0,"Dados Históricos","actual","histórico",NA,NA
51015,2016-09-01,135,0,"Dados Históricos","actual","histórico",NA,NA
51015,2008-12-01,134,0,"Dados Históricos","actual","histórico",NA,NA
51015,2014-10-01,138,0,"Dados Históricos","actual","histórico",NA,NA
51015,2019-09-01,168,0,"Dados Históricos","actual","histórico",NA,NA
51015,2005-02-01,112,0,"Dados Históricos","actual","histórico",NA,NA
51015,2009-11-01,108,0,"Dados Históricos","actual","histórico",NA,NA
51015,2019-10-01,130,0,"Dados Históricos","actual","histórico",NA,NA
51015,2022-04-01,160,0,"Dados Históricos","actual","histórico",NA,NA
51015,2006-09-01,125,0,"Dados Históricos","actual","histórico",NA,NA
51015,2002-09-01,122,0,"Dados Históricos","actual","histórico",NA,NA
51015,2002-02-01,127,0,"Dados Históricos","actual","histórico",NA,NA
51015,2010-02-01,121,0,"Dados Históricos","actual","histórico",NA,NA
51015,2003-02-01,130,0,"Dados Históricos","actual","histórico",NA,NA
51015,2018-01-01,147,0,"Dados Históricos","actual","histórico",NA,NA
51015,2016-05-01,140,0,"Dados Históricos","actual","histórico",NA,NA
51015,2008-01-01,107,0,"Dados Históricos","actual","histórico",NA,NA
51015,2010-03-01,129,0,"Dados Históricos","actual","histórico",NA,NA
51015,2011-12-01,120,0,"Dados Históricos","actual","histórico",NA,NA
51015,2019-12-01,143,0,"Dados Históricos","actual","histórico",NA,NA
51015,2021-08-01,175,0,"Dados Históricos","actual","histórico",NA,NA
51015,2016-02-01,130,0,"Dados Históricos","actual","histórico",NA,NA
51015,2022-10-01,135,0,"Dados Históricos","actual","histórico",NA,NA
51015,2015-06-01,127,0,"Dados Históricos","actual","histórico",NA,NA
51015,2017-07-01,141,0,"Dados Históricos","actual","histórico",NA,NA
51015,2015-01-01,93,0,"Dados Históricos","actual","histórico",NA,NA
51015,2023-07-01,156,0,"Dados Históricos","actual","histórico",NA,NA
51015,2018-03-01,142,0,"Dados Históricos","actual","histórico",NA,NA
51015,2004-07-01,134,0,"Dados Históricos","actual","histórico",NA,NA
51015,2014-05-01,148,0,"Dados Históricos","actual","histórico",NA,NA
51015,2002-01-01,149,0,"Dados Históricos","actual","histórico",NA,NA
51015,2004-06-01,132,0,"Dados Históricos","actual","histórico",NA,NA
51015,2003-10-01,129,0,"Dados Históricos","actual","histórico",NA,NA
51015,2017-12-01,159,0,"Dados Históricos","actual","histórico",NA,NA
51015,2001-04-01,162,0,"Dados Históricos","actual","histórico",NA,NA
51015,2023-04-01,168,0,"Dados Históricos","actual","histórico",NA,NA
51015,2011-04-01,112,0,"Dados Históricos","actual","histórico",NA,NA
51015,2005-10-01,125,0,"Dados Históricos","actual","histórico",NA,NA
51015,2005-08-01,147,0,"Dados Históricos","actual","histórico",NA,NA
51015,2023-08-01,172,0,"Dados Históricos","actual","histórico",NA,NA
51015,2022-01-01,149,0,"Dados Históricos","actual","histórico",NA,NA
51015,2022-08-01,179,0,"Dados Históricos","actual","histórico",NA,NA
51015,2007-12-01,115,0,"Dados Históricos","actual","histórico",NA,NA
51015,2015-05-01,133,0,"Dados Históricos","actual","histórico",NA,NA
51015,2019-03-01,149,0,"Dados Históricos","actual","histórico",NA,NA
51015,2010-06-01,109,0,"Dados Históricos","actual","histórico",NA,NA
51015,2004-02-01,111,0,"Dados Históricos","actual","histórico",NA,NA
51015,2000-06-01,148,0,"Dados Históricos","actual","histórico",NA,NA
51015,2007-10-01,111,0,"Dados Históricos","actual","histórico",NA,NA
51015,2006-08-01,152,0,"Dados Históricos","actual","histórico",NA,NA
51015,2017-09-01,143,0,"Dados Históricos","actual","histórico",NA,NA
51015,2009-12-01,106,0,"Dados Históricos","actual","histórico",NA,NA
51015,2003-09-01,134,0,"Dados Históricos","actual","histórico",NA,NA
51015,2021-01-01,141,0,"Dados Históricos","actual","histórico",NA,NA
51015,2017-03-01,163,0,"Dados Históricos","actual","histórico",NA,NA
51015,2014-06-01,136,0,"Dados Históricos","actual","histórico",NA,NA
51015,2001-07-01,85,NA,"ACTUAL","actual","histórico",NA,NA
51015,2023-10-01,148,NA,"ACTUAL","actual","histórico",NA,NA
51015,2000-03-01,160,NA,"ACTUAL","actual","histórico",NA,NA
51015,2003-11-01,132,NA,"ACTUAL","actual","histórico",NA,NA
51015,2017-08-01,129,NA,"ACTUAL","actual","histórico",NA,NA
51015,2000-07-01,152,NA,"ACTUAL","actual","histórico",NA,NA
51015,2010-10-01,99,NA,"ACTUAL","actual","histórico",NA,NA
51015,2011-11-01,109,NA,"ACTUAL","actual","histórico",NA,NA
51015,2005-04-01,139,NA,"ACTUAL","actual","histórico",NA,NA
51015,2017-10-01,142,NA,"ACTUAL","actual","histórico",NA,NA
51015,2023-06-01,155,NA,"ACTUAL","actual","histórico",NA,NA
51015,2006-02-01,122,NA,"ACTUAL","actual","histórico",NA,NA
51015,2015-02-01,108,NA,"ACTUAL","actual","histórico",NA,NA
51015,2014-01-01,125,NA,"ACTUAL","actual","histórico",NA,NA
51015,2008-05-01,132,NA,"ACTUAL","actual","histórico",NA,NA
51015,2012-03-01,114,NA,"ACTUAL","actual","histórico",NA,NA
51015,2019-07-01,161,NA,"ACTUAL","actual","histórico",NA,NA
51015,2013-03-01,119,NA,"ACTUAL","actual","histórico",NA,NA
51015,2013-11-01,136,NA,"ACTUAL","actual","histórico",NA,NA
51015,2007-08-01,113,NA,"ACTUAL","actual","histórico",NA,NA
51015,2004-08-01,156,NA,"ACTUAL","actual","histórico",NA,NA
51015,2010-09-01,105,NA,"ACTUAL","actual","histórico",NA,NA
51015,2021-02-01,143,NA,"ACTUAL","actual","histórico",NA,NA
51015,2001-03-01,100,NA,"ACTUAL","actual","histórico",NA,NA
51015,2005-07-01,155,NA,"ACTUAL","actual","histórico",NA,NA
51015,2008-03-01,116,NA,"ACTUAL","actual","histórico",NA,NA
51015,2023-02-01,154,NA,"ACTUAL","actual","histórico",NA,NA
51015,2008-04-01,131,NA,"ACTUAL","actual","histórico",NA,NA
51015,2008-11-01,117,NA,"ACTUAL","actual","histórico",NA,NA
51015,2009-05-01,111,NA,"ACTUAL","actual","histórico",NA,NA
51015,2021-11-01,177,NA,"ACTUAL","actual","histórico",NA,NA
51015,2017-04-01,171,NA,"ACTUAL","actual","histórico",NA,NA
51015,2020-07-01,155,NA,"ACTUAL","actual","histórico",NA,NA
51015,2015-07-01,137,NA,"ACTUAL","actual","histórico",NA,NA
51015,2003-05-01,158,NA,"ACTUAL","actual","histórico",NA,NA
51015,2001-01-01,112,NA,"ACTUAL","actual","histórico",NA,NA
51015,2000-09-01,142,NA,"ACTUAL","actual","histórico",NA,NA
51015,2021-04-01,159,NA,"ACTUAL","actual","histórico",NA,NA
51015,2018-10-01,168,NA,"ACTUAL","actual","histórico",NA,NA
51015,2018-07-01,168,NA,"ACTUAL","actual","histórico",NA,NA
51015,2005-05-01,152,NA,"ACTUAL","actual","histórico",NA,NA
51015,2005-01-01,140,NA,"ACTUAL","actual","histórico",NA,NA
51015,2006-05-01,147,NA,"ACTUAL","actual","histórico",NA,NA
51015,2021-10-01,166,NA,"ACTUAL","actual","histórico",NA,NA
51015,2002-05-01,141,NA,"ACTUAL","actual","histórico",NA,NA
51015,2020-02-01,135,NA,"ACTUAL","actual","histórico",NA,NA
51015,2015-11-01,108,NA,"ACTUAL","actual","histórico",NA,NA
51015,2016-11-01,118,NA,"ACTUAL","actual","histórico",NA,NA
51015,2009-01-01,125,NA,"ACTUAL","actual","histórico",NA,NA
51015,2020-11-01,116,NA,"ACTUAL","actual","histórico",NA,NA
51015,2016-04-01,132,NA,"ACTUAL","actual","histórico",NA,NA
51015,2010-08-01,103,NA,"ACTUAL","actual","histórico",NA,NA
51015,2003-04-01,161,NA,"ACTUAL","actual","histórico",NA,NA
51015,2015-04-01,128,NA,"ACTUAL","actual","histórico",NA,NA
51015,2009-03-01,112,NA,"ACTUAL","actual","histórico",NA,NA
51015,2002-11-01,113,NA,"ACTUAL","actual","histórico",NA,NA
51015,2003-07-01,138,NA,"ACTUAL","actual","histórico",NA,NA
51015,2000-05-01,166,NA,"ACTUAL","actual","histórico",NA,NA
51015,2012-06-01,97,NA,"ACTUAL","actual","histórico",NA,NA
51015,2013-06-01,150,NA,"ACTUAL","actual","histórico",NA,NA
51015,2010-12-01,107,NA,"ACTUAL","actual","histórico",NA,NA
51015,2014-08-01,151,NA,"ACTUAL","actual","histórico",NA,NA
51015,2017-01-01,141,NA,"ACTUAL","actual","histórico",NA,NA
51015,2018-05-01,143,NA,"ACTUAL","actual","histórico",NA,NA
51015,2019-04-01,174,NA,"ACTUAL","actual","histórico",NA,NA
51015,2001-12-01,138,NA,"ACTUAL","actual","histórico",NA,NA
51015,2004-04-01,149,NA,"ACTUAL","actual","histórico",NA,NA
51015,2011-09-01,101,NA,"ACTUAL","actual","histórico",NA,NA
51015,2000-08-01,147,NA,"ACTUAL","actual","histórico",NA,NA
51015,2020-03-01,166,NA,"ACTUAL","actual","histórico",NA,NA
51015,2002-06-01,124,NA,"ACTUAL","actual","histórico",NA,NA
51015,2010-05-01,127,NA,"ACTUAL","actual","histórico",NA,NA
51015,2011-02-01,104,NA,"ACTUAL","actual","histórico",NA,NA
51015,2001-09-01,122,NA,"ACTUAL","actual","histórico",NA,NA
51015,2018-04-01,171,NA,"ACTUAL","actual","histórico",NA,NA
51015,2011-10-01,123,NA,"ACTUAL","actual","histórico",NA,NA
51015,2012-08-01,108,NA,"ACTUAL","actual","histórico",NA,NA
51015,2021-03-01,178,NA,"ACTUAL","actual","histórico",NA,NA
51015,2009-09-01,136,NA,"ACTUAL","actual","histórico",NA,NA
51015,2013-07-01,132,NA,"ACTUAL","actual","histórico",NA,NA
51015,2017-05-01,171,NA,"ACTUAL","actual","histórico",NA,NA
51015,2012-04-01,100,NA,"ACTUAL","actual","histórico",NA,NA
51015,2017-06-01,149,NA,"ACTUAL","actual","histórico",NA,NA
51015,2012-11-01,104,NA,"ACTUAL","actual","histórico",NA,NA
51015,2000-04-01,146,NA,"ACTUAL","actual","histórico",NA,NA
51015,2008-07-01,133,NA,"ACTUAL","actual","histórico",NA,NA
51015,2002-10-01,140,NA,"ACTUAL","actual","histórico",NA,NA
51015,2006-03-01,131,NA,"ACTUAL","actual","histórico",NA,NA
51015,2010-07-01,84,NA,"ACTUAL","actual","histórico",NA,NA
51015,2017-02-01,129,NA,"ACTUAL","actual","histórico",NA,NA
51015,2022-07-01,162,NA,"ACTUAL","actual","histórico",NA,NA
51015,2020-04-01,135,NA,"ACTUAL","actual","histórico",NA,NA
51015,2002-03-01,134,NA,"ACTUAL","actual","histórico",NA,NA
51015,2014-11-01,148,NA,"ACTUAL","actual","histórico",NA,NA
51015,2018-11-01,142,NA,"ACTUAL","actual","histórico",NA,NA
51015,2003-03-01,145,NA,"ACTUAL","actual","histórico",NA,NA
51015,2008-09-01,145,NA,"ACTUAL","actual","histórico",NA,NA
51015,2005-06-01,149,NA,"ACTUAL","actual","histórico",NA,NA
51015,2020-06-01,146,NA,"ACTUAL","actual","histórico",NA,NA
51015,2007-01-01,127,NA,"ACTUAL","actual","histórico",NA,NA
51015,2005-03-01,141,NA,"ACTUAL","actual","histórico",NA,NA
51015,2009-10-01,93,NA,"ACTUAL","actual","histórico",NA,NA
51015,2006-12-01,120,NA,"ACTUAL","actual","histórico",NA,NA
51015,2023-01-01,198,NA,"ACTUAL","actual","histórico",NA,NA
51015,2004-10-01,130,NA,"ACTUAL","actual","histórico",NA,NA
51015,2011-06-01,115,NA,"ACTUAL","actual","histórico",NA,NA
51015,2007-02-01,126,NA,"ACTUAL","actual","histórico",NA,NA
51015,2009-02-01,110,NA,"ACTUAL","actual","histórico",NA,NA
51015,2013-04-01,117,NA,"ACTUAL","actual","histórico",NA,NA
51015,2006-04-01,143,NA,"ACTUAL","actual","histórico",NA,NA
51015,2012-10-01,133,NA,"ACTUAL","actual","histórico",NA,NA
51015,2001-05-01,160,NA,"ACTUAL","actual","histórico",NA,NA
51015,2010-04-01,113,NA,"ACTUAL","actual","histórico",NA,NA
51015,2006-06-01,106,NA,"ACTUAL","actual","histórico",NA,NA
51015,2022-12-01,158,NA,"ACTUAL","actual","histórico",NA,NA
51015,2022-03-01,176,NA,"ACTUAL","actual","histórico",NA,NA
51015,2020-08-01,160,NA,"ACTUAL","actual","histórico",NA,NA
51015,2002-12-01,145,NA,"ACTUAL","actual","histórico",NA,NA
51015,2008-02-01,96,NA,"ACTUAL","actual","histórico",NA,NA
51015,2016-08-01,156,NA,"ACTUAL","actual","histórico",NA,NA
51015,2014-03-01,119,NA,"ACTUAL","actual","histórico",NA,NA
51015,2011-05-01,142,NA,"ACTUAL","actual","histórico",NA,NA
51015,2004-12-01,110,NA,"ACTUAL","actual","histórico",NA,NA
51015,2015-08-01,131,NA,"ACTUAL","actual","histórico",NA,NA
51015,2006-11-01,132,NA,"ACTUAL","actual","histórico",NA,NA
51015,2021-09-01,145,NA,"ACTUAL","actual","histórico",NA,NA
51015,2019-02-01,140,NA,"ACTUAL","actual","histórico",NA,NA
51015,2009-07-01,119,NA,"ACTUAL","actual","histórico",NA,NA
51015,2018-06-01,153,NA,"ACTUAL","actual","histórico",NA,NA
51015,2006-10-01,127,NA,"ACTUAL","actual","histórico",NA,NA
51015,2004-01-01,127,NA,"ACTUAL","actual","histórico",NA,NA
51015,2009-06-01,119,NA,"ACTUAL","actual","histórico",NA,NA
51015,2017-11-01,129,NA,"ACTUAL","actual","histórico",NA,NA
51015,2019-11-01,136,NA,"ACTUAL","actual","histórico",NA,NA
51015,2021-12-01,179,NA,"ACTUAL","actual","histórico",NA,NA
51015,2008-08-01,131,NA,"ACTUAL","actual","histórico",NA,NA
51015,2023-09-01,157,NA,"ACTUAL","actual","histórico",NA,NA
51015,2016-01-01,132,NA,"ACTUAL","actual","histórico",NA,NA
51015,2013-02-01,99,NA,"ACTUAL","actual","histórico",NA,NA
51015,2003-06-01,143,NA,"ACTUAL","actual","histórico",NA,NA
51015,2011-03-01,106,NA,"ACTUAL","actual","histórico",NA,NA
51015,2018-12-01,138,NA,"ACTUAL","actual","histórico",NA,NA
51015,2016-06-01,149,NA,"ACTUAL","actual","histórico",NA,NA
51015,2020-01-01,149,NA,"ACTUAL","actual","histórico",NA,NA
51015,2005-12-01,138,NA,"ACTUAL","actual","histórico",NA,NA
51015,2023-11-01,156,NA,"ACTUAL","actual","histórico",NA,NA
51015,2019-06-01,146,NA,"ACTUAL","actual","histórico",NA,NA
51015,2020-09-01,133,NA,"ACTUAL","actual","histórico",NA,NA
51015,2015-12-01,173,NA,"ACTUAL","actual","histórico",NA,NA
51015,2016-12-01,134,NA,"ACTUAL","actual","histórico",NA,NA
51015,2005-11-01,125,NA,"ACTUAL","actual","histórico",NA,NA
51015,2007-04-01,117,NA,"ACTUAL","actual","histórico",NA,NA
51015,2001-02-01,98,NA,"ACTUAL","actual","histórico",NA,NA
51015,2007-05-01,136,NA,"ACTUAL","actual","histórico",NA,NA
51015,2021-06-01,129,NA,"ACTUAL","actual","histórico",NA,NA
51015,2014-12-01,140,NA,"ACTUAL","actual","histórico",NA,NA
51015,2018-08-01,152,NA,"ACTUAL","actual","histórico",NA,NA
51015,2019-05-01,174,NA,"ACTUAL","actual","histórico",NA,NA
51015,2013-12-01,129,NA,"ACTUAL","actual","histórico",NA,NA
51015,2002-04-01,158,NA,"ACTUAL","actual","histórico",NA,NA
51015,2016-03-01,128,NA,"ACTUAL","actual","histórico",NA,NA
51015,2007-11-01,122,NA,"ACTUAL","actual","histórico",NA,NA
51015,2022-05-01,169,NA,"ACTUAL","actual","histórico",NA,NA
51015,2000-01-01,151,NA,"ACTUAL","actual","histórico",NA,NA
51015,2013-08-01,127,NA,"ACTUAL","actual","histórico",NA,NA
51015,2022-06-01,153,NA,"ACTUAL","actual","histórico",NA,NA
51015,2012-02-01,113,NA,"ACTUAL","actual","histórico",NA,NA
51015,2001-10-01,140,NA,"ACTUAL","actual","histórico",NA,NA
51015,2000-12-01,119,NA,"ACTUAL","actual","histórico",NA,NA
51015,2003-08-01,145,NA,"ACTUAL","actual","histórico",NA,NA
51015,2007-07-01,121,NA,"ACTUAL","actual","histórico",NA,NA
51015,2010-01-01,92,NA,"ACTUAL","actual","histórico",NA,NA
51015,2020-12-01,147,NA,"ACTUAL","actual","histórico",NA,NA
51015,2013-09-01,112,NA,"ACTUAL","actual","histórico",NA,NA
51015,2018-09-01,153,NA,"ACTUAL","actual","histórico",NA,NA
51015,2012-07-01,128,NA,"ACTUAL","actual","histórico",NA,NA
51015,2022-11-01,154,NA,"ACTUAL","actual","histórico",NA,NA
51015,2003-12-01,134,NA,"ACTUAL","actual","histórico",NA,NA
51015,2013-01-01,118,NA,"ACTUAL","actual","histórico",NA,NA
51015,2009-04-01,125,NA,"ACTUAL","actual","histórico",NA,NA
51015,2005-09-01,122,NA,"ACTUAL","actual","histórico",NA,NA
51015,2002-08-01,136,NA,"ACTUAL","actual","histórico",NA,NA
51015,2011-08-01,124,NA,"ACTUAL","actual","histórico",NA,NA
51015,2022-09-01,122,NA,"ACTUAL","actual","histórico",NA,NA
51015,2004-09-01,121,NA,"ACTUAL","actual","histórico",NA,NA
51015,2011-07-01,107,NA,"ACTUAL","actual","histórico",NA,NA
51015,2013-10-01,130,NA,"ACTUAL","actual","histórico",NA,NA
51015,2011-01-01,96,NA,"ACTUAL","actual","histórico",NA,NA
51015,2023-05-01,154,NA,"ACTUAL","actual","histórico",NA,NA
51015,2013-05-01,164,NA,"ACTUAL","actual","histórico",NA,NA
51015,2004-05-01,169,NA,"ACTUAL","actual","histórico",NA,NA
51015,2007-06-01,122,NA,"ACTUAL","actual","histórico",NA,NA
51015,2009-08-01,103,NA,"ACTUAL","actual","histórico",NA,NA
51015,2001-11-01,132,NA,"ACTUAL","actual","histórico",NA,NA
51015,2012-05-01,96,NA,"ACTUAL","actual","histórico",NA,NA
51015,2000-11-01,132,NA,"ACTUAL","actual","histórico",NA,NA
51015,2014-04-01,123,NA,"ACTUAL","actual","histórico",NA,NA
51015,2012-09-01,93,NA,"ACTUAL","actual","histórico",NA,NA
51015,2007-03-01,148,NA,"ACTUAL","actual","histórico",NA,NA
51015,2019-01-01,144,NA,"ACTUAL","actual","histórico",NA,NA
51015,2016-07-01,140,NA,"ACTUAL","actual","histórico",NA,NA
51015,2023-12-01,139,NA,"ACTUAL","actual","histórico",NA,NA
51015,2004-03-01,143,NA,"ACTUAL","actual","histórico",NA,NA
51015,2003-01-01,118,NA,"ACTUAL","actual","histórico",NA,NA
51015,2016-10-01,132,NA,"ACTUAL","actual","histórico",NA,NA
51015,2023-03-01,182,NA,"ACTUAL","actual","histórico",NA,NA
51015,2000-10-01,163,NA,"ACTUAL","actual","histórico",NA,NA
51015,2000-02-01,155,NA,"ACTUAL","actual","histórico",NA,NA
51015,2015-09-01,122,NA,"ACTUAL","actual","histórico",NA,NA
51015,2015-03-01,153,NA,"ACTUAL","actual","histórico",NA,NA
51015,2014-02-01,136,NA,"ACTUAL","actual","histórico",NA,NA
51015,2021-05-01,166,NA,"ACTUAL","actual","histórico",NA,NA
51015,2001-08-01,92,NA,"ACTUAL","actual","histórico",NA,NA
51015,2014-09-01,170,NA,"ACTUAL","actual","histórico",NA,NA
51015,2006-07-01,122,NA,"ACTUAL","actual","histórico",NA,NA
51015,2022-02-01,132,NA,"ACTUAL","actual","histórico",NA,NA
51015,2020-10-01,145,NA,"ACTUAL","actual","histórico",NA,NA
51015,2012-01-01,106,NA,"ACTUAL","actual","histórico",NA,NA
51015,2007-09-01,142,NA,"ACTUAL","actual","histórico",NA,NA
51015,2019-08-01,147,NA,"ACTUAL","actual","histórico",NA,NA
51015,2006-01-01,154,NA,"ACTUAL","actual","histórico",NA,NA
51015,2008-10-01,123,NA,"ACTUAL","actual","histórico",NA,NA
51015,2002-07-01,159,NA,"ACTUAL","actual","histórico",NA,NA
51015,2001-06-01,133,NA,"ACTUAL","actual","histórico",NA,NA
51015,2018-02-01,134,NA,"ACTUAL","actual","histórico",NA,NA
51015,2020-05-01,157,NA,"ACTUAL","actual","histórico",NA,NA
51015,2004-11-01,125,NA,"ACTUAL","actual","histórico",NA,NA
51015,2010-11-01,107,NA,"ACTUAL","actual","histórico",NA,NA
51015,2015-10-01,89,NA,"ACTUAL","actual","histórico",NA,NA
51015,2014-07-01,141,NA,"ACTUAL","actual","histórico",NA,NA
51015,2008-06-01,101,NA,"ACTUAL","actual","histórico",NA,NA
51015,2021-07-01,145,NA,"ACTUAL","actual","histórico",NA,NA
51015,2012-12-01,134,NA,"ACTUAL","actual","histórico",NA,NA
51015,2016-09-01,135,NA,"ACTUAL","actual","histórico",NA,NA
51015,2008-12-01,134,NA,"ACTUAL","actual","histórico",NA,NA
51015,2014-10-01,138,NA,"ACTUAL","actual","histórico",NA,NA
51015,2019-09-01,168,NA,"ACTUAL","actual","histórico",NA,NA
51015,2005-02-01,112,NA,"ACTUAL","actual","histórico",NA,NA
51015,2009-11-01,108,NA,"ACTUAL","actual","histórico",NA,NA
51015,2019-10-01,130,NA,"ACTUAL","actual","histórico",NA,NA
51015,2022-04-01,160,NA,"ACTUAL","actual","histórico",NA,NA
51015,2006-09-01,125,NA,"ACTUAL","actual","histórico",NA,NA
51015,2002-09-01,122,NA,"ACTUAL","actual","histórico",NA,NA
51015,2002-02-01,127,NA,"ACTUAL","actual","histórico",NA,NA
51015,2010-02-01,121,NA,"ACTUAL","actual","histórico",NA,NA
51015,2003-02-01,130,NA,"ACTUAL","actual","histórico",NA,NA
51015,2018-01-01,147,NA,"ACTUAL","actual","histórico",NA,NA
51015,2016-05-01,140,NA,"ACTUAL","actual","histórico",NA,NA
51015,2008-01-01,107,NA,"ACTUAL","actual","histórico",NA,NA
51015,2010-03-01,129,NA,"ACTUAL","actual","histórico",NA,NA
51015,2011-12-01,120,NA,"ACTUAL","actual","histórico",NA,NA
51015,2019-12-01,143,NA,"ACTUAL","actual","histórico",NA,NA
51015,2021-08-01,175,NA,"ACTUAL","actual","histórico",NA,NA
51015,2016-02-01,130,NA,"ACTUAL","actual","histórico",NA,NA
51015,2022-10-01,135,NA,"ACTUAL","actual","histórico",NA,NA
51015,2015-06-01,127,NA,"ACTUAL","actual","histórico",NA,NA
51015,2017-07-01,141,NA,"ACTUAL","actual","histórico",NA,NA
51015,2015-01-01,93,NA,"ACTUAL","actual","histórico",NA,NA
51015,2023-07-01,156,NA,"ACTUAL","actual","histórico",NA,NA
51015,2018-03-01,142,NA,"ACTUAL","actual","histórico",NA,NA
51015,2004-07-01,134,NA,"ACTUAL","actual","histórico",NA,NA
51015,2014-05-01,148,NA,"ACTUAL","actual","histórico",NA,NA
51015,2002-01-01,149,NA,"ACTUAL","actual","histórico",NA,NA
51015,2004-06-01,132,NA,"ACTUAL","actual","histórico",NA,NA
51015,2003-10-01,129,NA,"ACTUAL","actual","histórico",NA,NA
51015,2017-12-01,159,NA,"ACTUAL","actual","histórico",NA,NA
51015,2001-04-01,162,NA,"ACTUAL","actual","histórico",NA,NA
51015,2023-04-01,168,NA,"ACTUAL","actual","histórico",NA,NA
51015,2011-04-01,112,NA,"ACTUAL","actual","histórico",NA,NA
51015,2005-10-01,125,NA,"ACTUAL","actual","histórico",NA,NA
51015,2005-08-01,147,NA,"ACTUAL","actual","histórico",NA,NA
51015,2023-08-01,172,NA,"ACTUAL","actual","histórico",NA,NA
51015,2022-01-01,149,NA,"ACTUAL","actual","histórico",NA,NA
51015,2022-08-01,179,NA,"ACTUAL","actual","histórico",NA,NA
51015,2007-12-01,115,NA,"ACTUAL","actual","histórico",NA,NA
51015,2015-05-01,133,NA,"ACTUAL","actual","histórico",NA,NA
51015,2019-03-01,149,NA,"ACTUAL","actual","histórico",NA,NA
51015,2010-06-01,109,NA,"ACTUAL","actual","histórico",NA,NA
51015,2004-02-01,111,NA,"ACTUAL","actual","histórico",NA,NA
51015,2000-06-01,148,NA,"ACTUAL","actual","histórico",NA,NA
51015,2007-10-01,111,NA,"ACTUAL","actual","histórico",NA,NA
51015,2006-08-01,152,NA,"ACTUAL","actual","histórico",NA,NA
51015,2017-09-01,143,NA,"ACTUAL","actual","histórico",NA,NA
51015,2009-12-01,106,NA,"ACTUAL","actual","histórico",NA,NA
51015,2003-09-01,134,NA,"ACTUAL","actual","histórico",NA,NA
51015,2021-01-01,141,NA,"ACTUAL","actual","histórico",NA,NA
51015,2017-03-01,163,NA,"ACTUAL","actual","histórico",NA,NA
51015,2014-06-01,136,NA,"ACTUAL","actual","histórico",NA,NA
51015,2024-01-01,158.562106708572,1,"PROPHET","prediction","projeção",124.895955552242,192.228257864902
51015,2024-02-01,154.17578110889,1,"PROPHET","prediction","projeção",120.50962995256,187.841932265221
51015,2024-03-01,169.583237975805,1,"PROPHET","prediction","projeção",135.917086819475,203.249389132135
51015,2024-04-01,170.875757022583,1,"PROPHET","prediction","projeção",137.209605866253,204.541908178913
51015,2024-05-01,179.944863357157,1,"PROPHET","prediction","projeção",146.278712200826,213.611014513487
51015,2024-06-01,164.192318066015,1,"PROPHET","prediction","projeção",130.526166909684,197.858469222345
51015,2024-07-01,168.210986584137,1,"PROPHET","prediction","projeção",134.544835427806,201.877137740467
51015,2024-08-01,169.790904041781,1,"PROPHET","prediction","projeção",136.12475288545,203.457055198111
51015,2024-09-01,159.571053069109,1,"PROPHET","prediction","projeção",125.904901912779,193.23720422544
51015,2024-10-01,168.605880115453,1,"PROPHET","prediction","projeção",134.939728959123,202.272031271783
51015,2024-11-01,158.040836051264,1,"PROPHET","prediction","projeção",124.374684894934,191.706987207594
51015,2024-12-01,167.53353614699,1,"PROPHET","prediction","projeção",133.86738499066,201.199687303321
51015,2025-01-01,166.202382187744,1,"PROPHET","prediction","projeção",132.536231031413,199.868533344074
51015,2025-02-01,156.463992419025,1,"PROPHET","prediction","projeção",122.797841262695,190.130143575356
51015,2025-03-01,173.507743622856,1,"PROPHET","prediction","projeção",139.841592466525,207.173894779186
51015,2025-04-01,175.229332451481,1,"PROPHET","prediction","projeção",141.563181295151,208.895483607811
51015,2025-05-01,182.905368949081,1,"PROPHET","prediction","projeção",149.239217792751,216.571520105411
51015,2025-06-01,167.654353281161,1,"PROPHET","prediction","projeção",133.988202124831,201.320504437491
51015,2025-07-01,171.467027852109,1,"PROPHET","prediction","projeção",137.800876695779,205.13317900844
51015,2025-08-01,173.83496183779,1,"PROPHET","prediction","projeção",140.168810681459,207.50111299412
51015,2025-09-01,166.031825791949,1,"PROPHET","prediction","projeção",132.365674635619,199.69797694828
51015,2025-10-01,168.871992938489,1,"PROPHET","prediction","projeção",135.205841782159,202.53814409482
51015,2025-11-01,163.217394223636,1,"PROPHET","prediction","projeção",129.551243067306,196.883545379967
51015,2025-12-01,171.617853058226,1,"PROPHET","prediction","projeção",137.951701901895,205.284004214556
51015,2026-01-01,168.631269104325,1,"PROPHET","prediction","projeção",134.965117947995,202.297420260655
51015,2026-02-01,160.652074551991,1,"PROPHET","prediction","projeção",126.985923395661,194.318225708321
51015,2026-03-01,177.429282561221,1,"PROPHET","prediction","projeção",143.763131404891,211.095433717552
51015,2026-04-01,179.565258704766,1,"PROPHET","prediction","projeção",145.899107548435,213.231409861096
51015,2026-05-01,185.846364238021,1,"PROPHET","prediction","projeção",152.180213081691,219.512515394351
51015,2026-06-01,171.125001718231,1,"PROPHET","prediction","projeção",137.4588505619,204.791152874561
51015,2026-07-01,174.74359315906,1,"PROPHET","prediction","projeção",141.077442002729,208.40974431539
51015,2026-08-01,177.911545595625,1,"PROPHET","prediction","projeção",144.245394439295,211.577696751955
51015,2026-09-01,172.45258446005,1,"PROPHET","prediction","projeção",138.78643330372,206.11873561638
51015,2026-10-01,169.121152480839,1,"PROPHET","prediction","projeção",135.455001324509,202.787303637169
51015,2026-11-01,168.433489197815,1,"PROPHET","prediction","projeção",134.767338041484,202.099640354145
51015,2026-12-01,175.675414486472,1,"PROPHET","prediction","projeção",142.009263330142,209.341565642803
51015,2027-01-01,171.061635614449,1,"PROPHET","prediction","projeção",137.395484458119,204.727786770779
51015,2027-02-01,164.86701294651,1,"PROPHET","prediction","projeção",131.20086179018,198.53316410284
51015,2027-03-01,181.347169675905,1,"PROPHET","prediction","projeção",147.681018519575,215.013320832236
51015,2027-04-01,183.882883871908,1,"PROPHET","prediction","projeção",150.216732715578,217.549035028238
51015,2027-05-01,188.768808897217,1,"PROPHET","prediction","projeção",155.102657740887,222.434960053547
51015,2027-06-01,174.60503607649,1,"PROPHET","prediction","projeção",140.93888492016,208.27118723282
51015,2027-07-01,178.041094352666,1,"PROPHET","prediction","projeção",144.374943196336,211.707245508997
51015,2027-08-01,182.01968073444,1,"PROPHET","prediction","projeção",148.35352957811,215.685831890771
51015,2027-09-01,178.830973834276,1,"PROPHET","prediction","projeção",145.164822677945,212.497124990606
51015,2027-10-01,169.356347942435,1,"PROPHET","prediction","projeção",135.690196786105,203.022499098765
51015,2027-11-01,173.68824935781,1,"PROPHET","prediction","projeção",140.02209820148,207.354400514141
51015,2027-12-01,179.705863096814,1,"PROPHET","prediction","projeção",146.039711940484,213.372014253145
51015,2028-01-01,173.494800918539,1,"PROPHET","prediction","projeção",139.828649762209,207.16095207487
51015,2028-02-01,169.108475318868,1,"PROPHET","prediction","projeção",135.442324162537,202.774626475198
51015,2028-03-01,184.515932185786,1,"PROPHET","prediction","projeção",150.849781029455,218.182083342116
51015,2028-04-01,185.808451232546,1,"PROPHET","prediction","projeção",152.142300076216,219.474602388877
51015,2028-05-01,194.877557567131,1,"PROPHET","prediction","projeção",161.211406410801,228.543708723462
51015,2028-06-01,179.125012275986,1,"PROPHET","prediction","projeção",145.458861119655,212.791163432316
51015,2028-07-01,183.143680794108,1,"PROPHET","prediction","projeção",149.477529637778,216.809831950438
51015,2028-08-01,184.723598251763,1,"PROPHET","prediction","projeção",151.057447095432,218.389749408093
51015,2028-09-01,174.503747279104,1,"PROPHET","prediction","projeção",140.837596122774,208.169898435434
51015,2028-10-01,183.538574325429,1,"PROPHET","prediction","projeção",149.872423169099,217.20472548176
51015,2028-11-01,172.973530261243,1,"PROPHET","prediction","projeção",139.307379104912,206.639681417573
51015,2028-12-01,182.466230356969,1,"PROPHET","prediction","projeção",148.800079200639,216.132381513299
51015,2029-01-01,181.13507639773,1,"PROPHET","prediction","projeção",147.468925241399,214.80122755406
51015,2029-02-01,171.396686628987,1,"PROPHET","prediction","projeção",137.730535472656,205.062837785317
51015,2029-03-01,188.440437832825,1,"PROPHET","prediction","projeção",154.774286676494,222.106588989155
51015,2029-04-01,190.16202666146,1,"PROPHET","prediction","projeção",156.49587550513,223.828177817791
51015,2029-05-01,197.838063159071,1,"PROPHET","prediction","projeção",164.171912002741,231.504214315402
51015,2029-06-01,182.587047491143,1,"PROPHET","prediction","projeção",148.920896334813,216.253198647473
51015,2029-07-01,186.399722062093,1,"PROPHET","prediction","projeção",152.733570905763,220.065873218423
51015,2029-08-01,188.767656047758,1,"PROPHET","prediction","projeção",155.101504891427,222.433807204088
51015,2029-09-01,180.964520001921,1,"PROPHET","prediction","projeção",147.298368845591,214.630671158251
51015,2029-10-01,183.804687148464,1,"PROPHET","prediction","projeção",150.138535992134,217.470838304794
51015,2029-11-01,178.150088433617,1,"PROPHET","prediction","projeção",144.483937277286,211.816239589947
51015,2029-12-01,186.550547268192,1,"PROPHET","prediction","projeção",152.884396111862,220.216698424523
51015,2030-01-01,183.563963314314,1,"PROPHET","prediction","projeção",149.897812157984,217.230114470645
51015,2030-02-01,175.584768761979,1,"PROPHET","prediction","projeção",141.918617605648,209.250919918309
51015,2030-03-01,192.361976771199,1,"PROPHET","prediction","projeção",158.695825614869,226.028127927529
51015,2030-04-01,194.497952914754,1,"PROPHET","prediction","projeção",160.831801758423,228.164104071084
51015,2030-05-01,200.779058447999,1,"PROPHET","prediction","projeção",167.112907291669,234.44520960433
51015,2030-06-01,186.057695928197,1,"PROPHET","prediction","projeção",152.391544771867,219.723847084528
51015,2030-07-01,189.67628736903,1,"PROPHET","prediction","projeção",156.0101362127,223.34243852536
51015,2030-08-01,192.844239805615,1,"PROPHET","prediction","projeção",159.178088649285,226.510390961945
51015,2030-09-01,187.385278670015,1,"PROPHET","prediction","projeção",153.719127513685,221.051429826346
51015,2030-10-01,184.053846690824,1,"PROPHET","prediction","projeção",150.387695534493,217.719997847154
51015,2030-11-01,183.366183407793,1,"PROPHET","prediction","projeção",149.700032251463,217.032334564123
51015,2030-12-01,190.608108696458,1,"PROPHET","prediction","projeção",156.941957540128,224.274259852788
51015,2024-01-01,159.315329575501,2,"EARTH","prediction","projeção",53.8403273767695,264.790331774232
51015,2024-02-01,159.473692702274,2,"EARTH","prediction","projeção",53.9986905035426,264.948694901006
51015,2024-03-01,159.621838853126,2,"EARTH","prediction","projeção",54.1468366543942,265.096841051857
51015,2024-04-01,159.780201979899,2,"EARTH","prediction","projeção",54.3051997811677,265.255204178631
51015,2024-05-01,159.933456618712,2,"EARTH","prediction","projeção",54.4584544199803,265.408458817443
51015,2024-06-01,160.091819745484,2,"EARTH","prediction","projeção",54.6168175467529,265.566821944216
51015,2024-07-01,160.245074384297,2,"EARTH","prediction","projeção",54.7700721855659,265.720076583029
51015,2024-08-01,160.40343751107,2,"EARTH","prediction","projeção",54.9284353123386,265.878439709801
51015,2024-09-01,160.561800637844,2,"EARTH","prediction","projeção",55.0867984391121,266.036802836575
51015,2024-10-01,160.715055276656,2,"EARTH","prediction","projeção",55.2400530779247,266.190057475388
51015,2024-11-01,160.873418403429,2,"EARTH","prediction","projeção",55.3984162046973,266.34842060216
51015,2024-12-01,161.026673042242,2,"EARTH","prediction","projeção",55.5516708435103,266.501675240973
51015,2025-01-01,161.185036169015,2,"EARTH","prediction","projeção",55.7100339702834,266.660038367746
51015,2025-02-01,161.343399295788,2,"EARTH","prediction","projeção",55.8683970970561,266.818401494519
51015,2025-03-01,161.486436958679,2,"EARTH","prediction","projeção",56.011434759948,266.961439157411
51015,2025-04-01,161.644800085452,2,"EARTH","prediction","projeção",56.1697978867206,267.119802284183
51015,2025-05-01,161.798054724265,2,"EARTH","prediction","projeção",56.3230525255336,267.273056922996
51015,2025-06-01,161.956417851038,2,"EARTH","prediction","projeção",56.4814156523067,267.43142004977
51015,2025-07-01,162.109672489851,2,"EARTH","prediction","projeção",56.6346702911193,267.584674688582
51015,2025-08-01,162.268035616624,2,"EARTH","prediction","projeção",56.7930334178928,267.743037815356
51015,2025-09-01,162.426398743397,2,"EARTH","prediction","projeção",56.9513965446659,267.901400942129
51015,2025-10-01,162.579653382209,2,"EARTH","prediction","projeção",57.104651183478,268.054655580941
51015,2025-11-01,162.738016508983,2,"EARTH","prediction","projeção",57.2630143102511,268.213018707714
51015,2025-12-01,162.891271147795,2,"EARTH","prediction","projeção",57.4162689490637,268.366273346527
51015,2026-01-01,163.049634274568,2,"EARTH","prediction","projeção",57.5746320758368,268.5246364733
51015,2026-02-01,163.207997401341,2,"EARTH","prediction","projeção",57.7329952026099,268.682999600073
51015,2026-03-01,163.351035064233,2,"EARTH","prediction","projeção",57.8760328655013,268.826037262964
51015,2026-04-01,163.509398191006,2,"EARTH","prediction","projeção",58.0343959922749,268.984400389738
51015,2026-05-01,163.662652829819,2,"EARTH","prediction","projeção",58.1876506310874,269.13765502855
51015,2026-06-01,163.821015956592,2,"EARTH","prediction","projeção",58.3460137578605,269.296018155323
51015,2026-07-01,163.974270595405,2,"EARTH","prediction","projeção",58.4992683966731,269.449272794136
51015,2026-08-01,164.132633722177,2,"EARTH","prediction","projeção",58.6576315234457,269.607635920909
51015,2026-09-01,164.29099684895,2,"EARTH","prediction","projeção",58.8159946502188,269.765999047682
51015,2026-10-01,164.444251487763,2,"EARTH","prediction","projeção",58.9692492890318,269.919253686495
51015,2026-11-01,164.602614614536,2,"EARTH","prediction","projeção",59.1276124158045,270.077616813267
51015,2026-12-01,164.755869253349,2,"EARTH","prediction","projeção",59.2808670546175,270.23087145208
51015,2027-01-01,164.914232380122,2,"EARTH","prediction","projeção",59.4392301813901,270.389234578853
51015,2027-02-01,165.072595506895,2,"EARTH","prediction","projeção",59.5975933081632,270.547597705626
51015,2027-03-01,165.215633169787,2,"EARTH","prediction","projeção",59.7406309710556,270.690635368518
51015,2027-04-01,165.37399629656,2,"EARTH","prediction","projeção",59.8989940978282,270.848998495291
51015,2027-05-01,165.527250935373,2,"EARTH","prediction","projeção",60.0522487366412,271.002253134104
51015,2027-06-01,165.685614062145,2,"EARTH","prediction","projeção",60.2106118634139,271.160616260877
51015,2027-07-01,165.838868700958,2,"EARTH","prediction","projeção",60.3638665022264,271.313870899689
51015,2027-08-01,165.997231827731,2,"EARTH","prediction","projeção",60.5222296289995,271.472234026462
51015,2027-09-01,166.155594954504,2,"EARTH","prediction","projeção",60.6805927557722,271.630597153235
51015,2027-10-01,166.308849593317,2,"EARTH","prediction","projeção",60.8338473945852,271.783851792048
51015,2027-11-01,166.46721272009,2,"EARTH","prediction","projeção",60.9922105213583,271.942214918821
51015,2027-12-01,166.620467358902,2,"EARTH","prediction","projeção",61.1454651601708,272.095469557634
51015,2028-01-01,166.778830485675,2,"EARTH","prediction","projeção",61.3038282869439,272.253832684407
51015,2028-02-01,166.937193612449,2,"EARTH","prediction","projeção",61.4621914137175,272.41219581118
51015,2028-03-01,167.0853397633,2,"EARTH","prediction","projeção",61.610337564569,272.560341962032
51015,2028-04-01,167.243702890074,2,"EARTH","prediction","projeção",61.7687006913426,272.718705088805
51015,2028-05-01,167.396957528886,2,"EARTH","prediction","projeção",61.9219553301547,272.871959727618
51015,2028-06-01,167.555320655659,2,"EARTH","prediction","projeção",62.0803184569278,273.030322854391
51015,2028-07-01,167.708575294472,2,"EARTH","prediction","projeção",62.2335730957408,273.183577493204
51015,2028-08-01,167.866938421245,2,"EARTH","prediction","projeção",62.3919362225139,273.341940619977
51015,2028-09-01,168.025301548018,2,"EARTH","prediction","projeção",62.550299349287,273.50030374675
51015,2028-10-01,168.178556186831,2,"EARTH","prediction","projeção",62.7035539880991,273.653558385562
51015,2028-11-01,168.336919313604,2,"EARTH","prediction","projeção",62.8619171148722,273.811921512335
51015,2028-12-01,168.490173952417,2,"EARTH","prediction","projeção",63.0151717536852,273.965176151148
51015,2029-01-01,168.648537079189,2,"EARTH","prediction","projeção",63.1735348804578,274.123539277921
51015,2029-02-01,168.806900205962,2,"EARTH","prediction","projeção",63.3318980072309,274.281902404694
51015,2029-03-01,168.949937868854,2,"EARTH","prediction","projeção",63.4749356701223,274.424940067585
51015,2029-04-01,169.108300995627,2,"EARTH","prediction","projeção",63.6332987968955,274.583303194358
51015,2029-05-01,169.26155563444,2,"EARTH","prediction","projeção",63.7865534357085,274.736557833171
51015,2029-06-01,169.419918761213,2,"EARTH","prediction","projeção",63.9449165624811,274.894920959944
51015,2029-07-01,169.573173400025,2,"EARTH","prediction","projeção",64.0981712012937,275.048175598757
51015,2029-08-01,169.731536526798,2,"EARTH","prediction","projeção",64.2565343280668,275.20653872553
51015,2029-09-01,169.889899653572,2,"EARTH","prediction","projeção",64.4148974548403,275.364901852303
51015,2029-10-01,170.043154292384,2,"EARTH","prediction","projeção",64.5681520936529,275.518156491116
51015,2029-11-01,170.201517419157,2,"EARTH","prediction","projeção",64.726515220426,275.676519617889
51015,2029-12-01,170.35477205797,2,"EARTH","prediction","projeção",64.8797698592385,275.829774256701
51015,2030-01-01,170.513135184743,2,"EARTH","prediction","projeção",65.0381329860116,275.988137383475
51015,2030-02-01,170.671498311516,2,"EARTH","prediction","projeção",65.1964961127843,276.146500510247
51015,2030-03-01,170.814535974408,2,"EARTH","prediction","projeção",65.3395337756766,276.289538173139
51015,2030-04-01,170.972899101181,2,"EARTH","prediction","projeção",65.4978969024497,276.447901299913
51015,2030-05-01,171.126153739994,2,"EARTH","prediction","projeção",65.6511515412623,276.601155938725
51015,2030-06-01,171.284516866767,2,"EARTH","prediction","projeção",65.8095146680354,276.759519065498
51015,2030-07-01,171.437771505579,2,"EARTH","prediction","projeção",65.9627693068474,276.91277370431
51015,2030-08-01,171.596134632352,2,"EARTH","prediction","projeção",66.1211324336206,277.071136831083
51015,2030-09-01,171.754497759125,2,"EARTH","prediction","projeção",66.2794955603937,277.229499957857
51015,2030-10-01,171.907752397938,2,"EARTH","prediction","projeção",66.4327501992062,277.382754596669
51015,2030-11-01,172.066115524711,2,"EARTH","prediction","projeção",66.5911133259793,277.541117723442
51015,2030-12-01,172.219370163523,2,"EARTH","prediction","projeção",66.7443679647919,277.694372362255
51015,2024-01-01,139.472045898438,3,"XGBOOST","prediction","projeção",98.499979628738,180.444112168137
51015,2024-02-01,139.472045898438,3,"XGBOOST","prediction","projeção",98.499979628738,180.444112168137
51015,2024-03-01,139.472045898438,3,"XGBOOST","prediction","projeção",98.499979628738,180.444112168137
51015,2024-04-01,139.472045898438,3,"XGBOOST","prediction","projeção",98.499979628738,180.444112168137
51015,2024-05-01,139.472045898438,3,"XGBOOST","prediction","projeção",98.499979628738,180.444112168137
51015,2024-06-01,139.472045898438,3,"XGBOOST","prediction","projeção",98.499979628738,180.444112168137
51015,2024-07-01,139.472045898438,3,"XGBOOST","prediction","projeção",98.499979628738,180.444112168137
51015,2024-08-01,139.472045898438,3,"XGBOOST","prediction","projeção",98.499979628738,180.444112168137
51015,2024-09-01,139.472045898438,3,"XGBOOST","prediction","projeção",98.499979628738,180.444112168137
51015,2024-10-01,139.472045898438,3,"XGBOOST","prediction","projeção",98.499979628738,180.444112168137
51015,2024-11-01,139.472045898438,3,"XGBOOST","prediction","projeção",98.499979628738,180.444112168137
51015,2024-12-01,139.472045898438,3,"XGBOOST","prediction","projeção",98.499979628738,180.444112168137
51015,2025-01-01,139.472045898438,3,"XGBOOST","prediction","projeção",98.499979628738,180.444112168137
51015,2025-02-01,139.472045898438,3,"XGBOOST","prediction","projeção",98.499979628738,180.444112168137
51015,2025-03-01,139.472045898438,3,"XGBOOST","prediction","projeção",98.499979628738,180.444112168137
51015,2025-04-01,139.472045898438,3,"XGBOOST","prediction","projeção",98.499979628738,180.444112168137
51015,2025-05-01,139.472045898438,3,"XGBOOST","prediction","projeção",98.499979628738,180.444112168137
51015,2025-06-01,139.472045898438,3,"XGBOOST","prediction","projeção",98.499979628738,180.444112168137
51015,2025-07-01,139.472045898438,3,"XGBOOST","prediction","projeção",98.499979628738,180.444112168137
51015,2025-08-01,139.472045898438,3,"XGBOOST","prediction","projeção",98.499979628738,180.444112168137
51015,2025-09-01,139.472045898438,3,"XGBOOST","prediction","projeção",98.499979628738,180.444112168137
51015,2025-10-01,139.472045898438,3,"XGBOOST","prediction","projeção",98.499979628738,180.444112168137
51015,2025-11-01,139.472045898438,3,"XGBOOST","prediction","projeção",98.499979628738,180.444112168137
51015,2025-12-01,139.472045898438,3,"XGBOOST","prediction","projeção",98.499979628738,180.444112168137
51015,2026-01-01,139.472045898438,3,"XGBOOST","prediction","projeção",98.499979628738,180.444112168137
51015,2026-02-01,139.472045898438,3,"XGBOOST","prediction","projeção",98.499979628738,180.444112168137
51015,2026-03-01,139.472045898438,3,"XGBOOST","prediction","projeção",98.499979628738,180.444112168137
51015,2026-04-01,139.472045898438,3,"XGBOOST","prediction","projeção",98.499979628738,180.444112168137
51015,2026-05-01,139.472045898438,3,"XGBOOST","prediction","projeção",98.499979628738,180.444112168137
51015,2026-06-01,139.472045898438,3,"XGBOOST","prediction","projeção",98.499979628738,180.444112168137
51015,2026-07-01,139.472045898438,3,"XGBOOST","prediction","projeção",98.499979628738,180.444112168137
51015,2026-08-01,139.472045898438,3,"XGBOOST","prediction","projeção",98.499979628738,180.444112168137
51015,2026-09-01,139.472045898438,3,"XGBOOST","prediction","projeção",98.499979628738,180.444112168137
51015,2026-10-01,139.472045898438,3,"XGBOOST","prediction","projeção",98.499979628738,180.444112168137
51015,2026-11-01,139.472045898438,3,"XGBOOST","prediction","projeção",98.499979628738,180.444112168137
51015,2026-12-01,139.472045898438,3,"XGBOOST","prediction","projeção",98.499979628738,180.444112168137
51015,2027-01-01,139.472045898438,3,"XGBOOST","prediction","projeção",98.499979628738,180.444112168137
51015,2027-02-01,139.472045898438,3,"XGBOOST","prediction","projeção",98.499979628738,180.444112168137
51015,2027-03-01,139.472045898438,3,"XGBOOST","prediction","projeção",98.499979628738,180.444112168137
51015,2027-04-01,139.472045898438,3,"XGBOOST","prediction","projeção",98.499979628738,180.444112168137
51015,2027-05-01,139.472045898438,3,"XGBOOST","prediction","projeção",98.499979628738,180.444112168137
51015,2027-06-01,139.472045898438,3,"XGBOOST","prediction","projeção",98.499979628738,180.444112168137
51015,2027-07-01,139.472045898438,3,"XGBOOST","prediction","projeção",98.499979628738,180.444112168137
51015,2027-08-01,139.472045898438,3,"XGBOOST","prediction","projeção",98.499979628738,180.444112168137
51015,2027-09-01,139.472045898438,3,"XGBOOST","prediction","projeção",98.499979628738,180.444112168137
51015,2027-10-01,139.472045898438,3,"XGBOOST","prediction","projeção",98.499979628738,180.444112168137
51015,2027-11-01,139.472045898438,3,"XGBOOST","prediction","projeção",98.499979628738,180.444112168137
51015,2027-12-01,139.472045898438,3,"XGBOOST","prediction","projeção",98.499979628738,180.444112168137
51015,2028-01-01,139.472045898438,3,"XGBOOST","prediction","projeção",98.499979628738,180.444112168137
51015,2028-02-01,139.472045898438,3,"XGBOOST","prediction","projeção",98.499979628738,180.444112168137
51015,2028-03-01,139.472045898438,3,"XGBOOST","prediction","projeção",98.499979628738,180.444112168137
51015,2028-04-01,139.472045898438,3,"XGBOOST","prediction","projeção",98.499979628738,180.444112168137
51015,2028-05-01,139.472045898438,3,"XGBOOST","prediction","projeção",98.499979628738,180.444112168137
51015,2028-06-01,139.472045898438,3,"XGBOOST","prediction","projeção",98.499979628738,180.444112168137
51015,2028-07-01,139.472045898438,3,"XGBOOST","prediction","projeção",98.499979628738,180.444112168137
51015,2028-08-01,139.472045898438,3,"XGBOOST","prediction","projeção",98.499979628738,180.444112168137
51015,2028-09-01,139.472045898438,3,"XGBOOST","prediction","projeção",98.499979628738,180.444112168137
51015,2028-10-01,139.472045898438,3,"XGBOOST","prediction","projeção",98.499979628738,180.444112168137
51015,2028-11-01,139.472045898438,3,"XGBOOST","prediction","projeção",98.499979628738,180.444112168137
51015,2028-12-01,139.472045898438,3,"XGBOOST","prediction","projeção",98.499979628738,180.444112168137
51015,2029-01-01,139.472045898438,3,"XGBOOST","prediction","projeção",98.499979628738,180.444112168137
51015,2029-02-01,139.472045898438,3,"XGBOOST","prediction","projeção",98.499979628738,180.444112168137
51015,2029-03-01,139.472045898438,3,"XGBOOST","prediction","projeção",98.499979628738,180.444112168137
51015,2029-04-01,139.472045898438,3,"XGBOOST","prediction","projeção",98.499979628738,180.444112168137
51015,2029-05-01,139.472045898438,3,"XGBOOST","prediction","projeção",98.499979628738,180.444112168137
51015,2029-06-01,139.472045898438,3,"XGBOOST","prediction","projeção",98.499979628738,180.444112168137
51015,2029-07-01,139.472045898438,3,"XGBOOST","prediction","projeção",98.499979628738,180.444112168137
51015,2029-08-01,139.472045898438,3,"XGBOOST","prediction","projeção",98.499979628738,180.444112168137
51015,2029-09-01,139.472045898438,3,"XGBOOST","prediction","projeção",98.499979628738,180.444112168137
51015,2029-10-01,139.472045898438,3,"XGBOOST","prediction","projeção",98.499979628738,180.444112168137
51015,2029-11-01,139.472045898438,3,"XGBOOST","prediction","projeção",98.499979628738,180.444112168137
51015,2029-12-01,139.472045898438,3,"XGBOOST","prediction","projeção",98.499979628738,180.444112168137
51015,2030-01-01,139.472045898438,3,"XGBOOST","prediction","projeção",98.499979628738,180.444112168137
51015,2030-02-01,139.472045898438,3,"XGBOOST","prediction","projeção",98.499979628738,180.444112168137
51015,2030-03-01,139.472045898438,3,"XGBOOST","prediction","projeção",98.499979628738,180.444112168137
51015,2030-04-01,139.472045898438,3,"XGBOOST","prediction","projeção",98.499979628738,180.444112168137
51015,2030-05-01,139.472045898438,3,"XGBOOST","prediction","projeção",98.499979628738,180.444112168137
51015,2030-06-01,139.472045898438,3,"XGBOOST","prediction","projeção",98.499979628738,180.444112168137
51015,2030-07-01,139.472045898438,3,"XGBOOST","prediction","projeção",98.499979628738,180.444112168137
51015,2030-08-01,139.472045898438,3,"XGBOOST","prediction","projeção",98.499979628738,180.444112168137
51015,2030-09-01,139.472045898438,3,"XGBOOST","prediction","projeção",98.499979628738,180.444112168137
51015,2030-10-01,139.472045898438,3,"XGBOOST","prediction","projeção",98.499979628738,180.444112168137
51015,2030-11-01,139.472045898438,3,"XGBOOST","prediction","projeção",98.499979628738,180.444112168137
51015,2030-12-01,139.472045898438,3,"XGBOOST","prediction","projeção",98.499979628738,180.444112168137
